preview_only	True|False, show the AppCSXCAD preview and stop without simulating	Script control and output files	False
postprocess_only	True|False, show existing results only, without simulating	Script control and output files	False
no_gui	True|False, never show AppCSXCAD, simulate right away	Script control and output files	False
force_simulation	True|False, simulate even if the model hash matches a previous run	Script control and output files	False
field_dumps	simulation_setup.all_field_dumps() object for field dump output, see user guide	Script control and output files	False
unit	Unit of geometry values, typically 1e-6 (micron)	Input files	1e-6	yes
purpose	Which GDSII data type is evaluated? Values in [] can be separated by comma	Input files	[0]
preprocess_gds	True|False, preprocess GDSII for safe handling of cutouts/holes	Input files	False
merge_polygon_size	Merge via polygons with distance less than .. microns, set to 0 to disable via merging	Input files	0
cellname	GDSII cell to simulate, empty string uses the top cell	Input files	''
variable_overrides	Overrides for stackup <Variable> values, edited on the Substrate tab	Input files	{}
fstart	Start frequency [Hz] of the S-parameter output	Frequencies		yes
fstop	Stop frequency [Hz] of the S-parameter output	Frequencies		yes
numfreq	Number of frequency points created from the FFT (no effect on simulation time)	Frequencies	401	yes
refined_cellsize	Target mesh size at conductor edges, in project units	Mesh size and accuracy	1	yes
cells_per_wavelength	Coarse mesh cells per wavelength, must be 10 or more	Mesh size and accuracy
max_cellsize	Maximum mesh cell size in project units; only used when cells_per_wavelength is not set	Mesh size and accuracy
easyMesh	True|False, use the easyMesh4openEMS mesher (Python module must be installed)	Mesh size and accuracy	False
mesh_resolution	easyMesh only: 'low', 'medium', 'high' or 'very_high'	Mesh size and accuracy	'medium'
use_circle_detection	easyMesh only: True|False, detect circular shapes	Mesh size and accuracy	False
handle_closely_placed_edges	easyMesh only: True|False, merge closely placed edges	Mesh size and accuracy	True
boundary_distance	easyMesh only: list of 6 distances, value, 'auto' or None	Mesh size and accuracy	[None, None, None, None, None, None]
energy_limit	End criterion: residual energy (dB) at which the FDTD run is converged	Solver (openEMS)		yes
numThreads	Force the openEMS thread count, 0 = automatic	Solver (openEMS)	0
margin	Oversize of dielectric layers relative to the drawn geometry, in project units	Simulation boundary		yes
Boundaries	Boundary at xmin,xmax,ymin,ymax,zmin,zmax: 'PEC', 'PMC', 'MUR' or 'PML_8'	Simulation boundary		yes
air_around	Extra air around the model in addition to margin, single value or list of 6	Simulation boundary	0
fill_factor_correction	True|False, scale merged via conductivity by the via fill factor (needs merge_polygon_size > 0)	Conductor modelling	False
