read_gds	2	purposelist	purpose
read_gds	4	preprocess	preprocess_gds
read_gds	5	merge_polygon_size	merge_polygon_size
read_gds	11	cellname	cellname
read_substrate	1	variable_overrides	variable_overrides
runSimulation	4	preview_only	preview_only
runSimulation	5	postprocess_only	postprocess_only
runSimulation	6	force_simulation	force_simulation
runSimulation	7	no_gui	no_gui
runSimulation	8	numThreads	numThreads
setupSimulation	7	max_cellsize	max_cellsize
setupSimulation	8	refined_cellsize	refined_cellsize
setupSimulation	9	margin	margin
setupSimulation	10	unit	unit
setupSimulation	13	air_around	air_around
setupSimulation	14	field_dumps	field_dumps
setupSimulation	16	fill_factor_correction	fill_factor_correction
